,0,1
00,nkx22_even_1,TTGGTTCTATTCATTTTTCCCTCTAACTGTCCTTGTTTGGGTTGCCTTAGTCCAGGCGAAGCAGAACGCTCAGGCATCGAGTCCTCCAAGCTCACAGCTGCTTGGGCCGCGGCGGCGCCCCCACCACCCCCGGGTTTCTAGAGCCTTGTGACAGCGCCTCACTCCGAGCTGCTCAGCGGCTTTCTGCAACTCTCTCTGCC
01,nkx22_even_2,TCGCCCCCAGTATGTGACGTGGGTGACAATGGCCCAGGTTGGAGCGAGCCCCACGTCGGCGCGTCCTGGGTGGTCGGACCCGGGCAAACACAAATACAAACCGATTGCTAAGCTGCGGACAATGAGGGAAATGTAGACAAATGTCCCGCTCCTGTTGGAAGCCTTTGTCCAGGCCCGGTTTTTGCATTTATTTCAGTGGC
02,nkx22_even_3,GAAATAATACATGATTGACGCTCTCTTTCAATGTGTCCTAACTGTTTGGAATAAATCTAAGGTTGTCCCTAGTTGTCATGGCATTCAACCCTTTTCAATGGACTATCTCTTCATTCATTTCTGAATCCGTCCACAATATTAAGGAAACCCCTTCATGTCGACGTTCCCCATTCCTCTTTCTCCTGCTTTTCTTTTCTCCT
03,nkx22_even_4,TTCTTCCTCCCTTTTCCCCTTGCAAGAATTAGTATCTGGTTTGAAACGTGTTCCTCAGACTCATTACTTTCTCTGTCTTCCCCCCTTCTGTTTTTCCAGCTTCTTTCTCAGCGTTAGAGCCTGTTGCCTCTCCCTCCCTCTTTTCAGGCTGGGGCTCTCTGCCCGGCAGGGTGGGAGGGGGGAAAGTCAGCTTTCCAGAA
04,nkx22_odd_1,CTTGGGCCGCGGCGGCGCCCCCACCACCCCCGGGTTTCTAGAGCCTTGTGACAGCGCCTCACTCCGAGCTGCTCAGCGGCTTTCTGCAACTCTCTCTGCCTCGCCCCCAGTATGTGACGTGGGTGACAATGGCCCAGGTTGGAGCGAGCCCCACGTCGGCGCGTCCTGGGTGGTCGGACCCGGGCAAACACAAATACAAA
05,nkx22_odd_2,CCGATTGCTAAGCTGCGGACAATGAGGGAAATGTAGACAAATGTCCCGCTCCTGTTGGAAGCCTTTGTCCAGGCCCGGTTTTTGCATTTATTTCAGTGGCGAAATAATACATGATTGACGCTCTCTTTCAATGTGTCCTAACTGTTTGGAATAAATCTAAGGTTGTCCCTAGTTGTCATGGCATTCAACCCTTTTCAATG
06,nkx22_odd_3,GACTATCTCTTCATTCATTTCTGAATCCGTCCACAATATTAAGGAAACCCCTTCATGTCGACGTTCCCCATTCCTCTTTCTCCTGCTTTTCTTTTCTCCTTTCTTCCTCCCTTTTCCCCTTGCAAGAATTAGTATCTGGTTTGAAACGTGTTCCTCAGACTCATTACTTTCTCTGTCTTCCCCCCTTCTGTTTTTCCAGC
07,o2e33_even_1,TGATTGCCAACTGCCTCCAACCCAACTTTGTAAGCCGAGCCCTCATCCCTACCCACTCCCGGTGTGTCAGATGGAACACCTAGGTGGCCCACGGGGACCTCTGACCTCTATATCCTCTTCCTTTCTCCCTCCTTTGCTACTTTTCTACTGGATAAAAGGAGAGAGTGAGAGATAATTAACAAAAAACATGGCCCCGGGAC
08,o2e33_even_2,AATGAAGCAACTGGCCTTGGCCGGCAAGCAACGATCCTGGTTTTCTAGGTAGAGTTTCTCCCATCAATCTTTCCTTTAACCTCCCTGTTCGTGGAAGCAATAGAAACACCACCCCCTCCCCTGAGCAAATGCTTTCTTTTGACTGGAAACAAAAAGGGGGCCCGGCAAAGACGGAGGTGAAATCTGGGTGGTATGGGCAC
09,o2e33_even_3,CGCACAATGGCCCCGCTGTTCCTGGCCCTGCTTGTGTTTTACAACAGGGGAGGGGCAGGCGCGAATGGTCCGATGGTGGAGACAATCCCCCTGATTCAGGCTACAAATGCATCTTCTATTCCACACGGAGCTGAGCAGAAAGGATGGGGGTGACAAAGAGCATGGGCGGGGAGAGGGAAAACAAAATGTTTTCAGTTGAA
10,o2e33_even_4,AAAAAAAATCTCTCATATCCTACACATCCTCAGAAGAGCTTCTATGGAGAAGGCCTTCGGAGAGTCCCAGCCCACAACTCAAGGGCTTTGTCTGAACTCTGATTTATTGATGAAGCTTAAGCGGCTCGCTAAGAAAGGCCTGGGGGTGTCTTTGTCTTGAAGATAAAGTACAATAGGCCACAAGGGCCAAGATCTCTCGG
11,o2e33_even_5,GATGCTCTCAGGTCCTGCCTCTCTCTTGCCCTCTCCTCCCTGCAAATGCCAGCAGATGCTGAAAAAAAAAAAAACCCATCGGTGGTGTGGCTGGGAGTGCTGGGGACAAGCTGGGCCACTTGAGGTCTCCTTAAGAGGGTATTATGGCCAGGGAAAATATTTGCGCTCTAAGGATGGCACACTCCATTTGATAATGGCTC
12,o2e33_even_6,TCATCTGCCTCAGATAATCGCCTCCCTCCCGGCTGTCAGGGGTGCAGCCACTGCCAATTCACAGCGCCCTCCGAGAAAGTACCCTTGTCTGTGATGACCAAGATGGGGACATTGTGTTTACCTACTTGAGCAGAGGAGAAGGTGACCGTGAGGGCAGCCTGCATTGTAAATTACAATTAAAACAGAAACAGACAGTTCCT
13,o2e33_even_7,GCTCTGCCCTGGGACCCCCACCAATAAATTATGGGTGGACATTAGGGGAGAGCCCAGGAAAGGTTGGGTCCTGGGGAGGATCCCCCCATCCCATAGCCTACCGACAGGTCTTGGATATAGGGATAGGGCTACTTGGGAGTCAAGGTAGACTGGCTGGTTGACCACACACACACTGGGATCCTCAGGAGGTTCCCCCCACT
14,o2e33_odd_1,CTGACCTCTATATCCTCTTCCTTTCTCCCTCCTTTGCTACTTTTCTACTGGATAAAAGGAGAGAGTGAGAGATAATTAACAAAAAACATGGCCCCGGGACAATGAAGCAACTGGCCTTGGCCGGCAAGCAACGATCCTGGTTTTCTAGGTAGAGTTTCTCCCATCAATCTTTCCTTTAACCTCCCTGTTCGTGGAAGCAA
15,o2e33_odd_2,TAGAAACACCACCCCCTCCCCTGAGCAAATGCTTTCTTTTGACTGGAAACAAAAAGGGGGCCCGGCAAAGACGGAGGTGAAATCTGGGTGGTATGGGCACCGCACAATGGCCCCGCTGTTCCTGGCCCTGCTTGTGTTTTACAACAGGGGAGGGGCAGGCGCGAATGGTCCGATGGTGGAGACAATCCCCCTGATTCAGG
16,o2e33_odd_3,CTACAAATGCATCTTCTATTCCACACGGAGCTGAGCAGAAAGGATGGGGGTGACAAAGAGCATGGGCGGGGAGAGGGAAAACAAAATGTTTTCAGTTGAAAAAAAAAATCTCTCATATCCTACACATCCTCAGAAGAGCTTCTATGGAGAAGGCCTTCGGAGAGTCCCAGCCCACAACTCAAGGGCTTTGTCTGAACTCT
17,o2e33_odd_4,GATTTATTGATGAAGCTTAAGCGGCTCGCTAAGAAAGGCCTGGGGGTGTCTTTGTCTTGAAGATAAAGTACAATAGGCCACAAGGGCCAAGATCTCTCGGGATGCTCTCAGGTCCTGCCTCTCTCTTGCCCTCTCCTCCCTGCAAATGCCAGCAGATGCTGAAAAAAAAAAAAACCCATCGGTGGTGTGGCTGGGAGTGC
18,o2e33_odd_5,TGGGGACAAGCTGGGCCACTTGAGGTCTCCTTAAGAGGGTATTATGGCCAGGGAAAATATTTGCGCTCTAAGGATGGCACACTCCATTTGATAATGGCTCTCATCTGCCTCAGATAATCGCCTCCCTCCCGGCTGTCAGGGGTGCAGCCACTGCCAATTCACAGCGCCCTCCGAGAAAGTACCCTTGTCTGTGATGACCA
19,o2e33_odd_6,AGATGGGGACATTGTGTTTACCTACTTGAGCAGAGGAGAAGGTGACCGTGAGGGCAGCCTGCATTGTAAATTACAATTAAAACAGAAACAGACAGTTCCTGCTCTGCCCTGGGACCCCCACCAATAAATTATGGGTGGACATTAGGGGAGAGCCCAGGAAAGGTTGGGTCCTGGGGAGGATCCCCCCATCCCATAGCCTA
20,pax6_even_1,CTAAATAGCACCGCGGCGCCCGCTCTCCGGACAGTGATTAATGATAGCAGTGCAGAGGGGTTAACACACTTCGCTGAAAAGTCTGTTGACTGAGCTTCTTGTAACACAATGTGGCCCGCTGCACGCCTCGAGAGAATCCTTTTGTTGTCCGTGCTTATTGTGGCCTCAAAATTCTGCCCACGAAAGTTTGCCAACGCTCC
21,pax6_even_2,TGCCCCAGGAGTTTAATAGTTTCCCTTACTCGCGGGGCATTGTGTGGTGCTGAAAAGCAGCCCCTCGCTATTCAAGTGTTGGTGGTCATCTCAATAGATCTCCAAGGGCCCATATGGTGGCCAGTGCCGATGAATCCGCCTGTTTAAATGGGGGAGAAAGTTGGGGTTTTAAAACATTTCAAAGTTCCTGAAAAGATCCC
22,pax6_even_3,ACTAGATCCTGTCACAATTCCCTGAACGCTTTGAAGGCGCGGCCTATTGTCTCCTGGTTATAAATGATATTCCTGGCCAAGTCGATTCCCACAGAGGCCTGGCGCCCCCTCCCCCCAAACTAGCCAAGTTTCTAGGATCCGGAGAGAACAGTTCTTGTTGGTATCCCGTGGGGGCCACAGGCCTCAGGACCCAAGACAGC
23,pax6_odd_1,GTAACACAATGTGGCCCGCTGCACGCCTCGAGAGAATCCTTTTGTTGTCCGTGCTTATTGTGGCCTCAAAATTCTGCCCACGAAAGTTTGCCAACGCTCCTGCCCCAGGAGTTTAATAGTTTCCCTTACTCGCGGGGCATTGTGTGGTGCTGAAAAGCAGCCCCTCGCTATTCAAGTGTTGGTGGTCATCTCAATAGATC
24,pax6_odd_2,TCCAAGGGCCCATATGGTGGCCAGTGCCGATGAATCCGCCTGTTTAAATGGGGGAGAAAGTTGGGGTTTTAAAACATTTCAAAGTTCCTGAAAAGATCCCACTAGATCCTGTCACAATTCCCTGAACGCTTTGAAGGCGCGGCCTATTGTCTCCTGGTTATAAATGATATTCCTGGCCAAGTCGATTCCCACAGAGGCCT
